Student_ID,Gender,Study_Hours,Attendance,Previous_Score,Assignment_Score,Sleep_Hours,Final_Score
S001,Male,5,95,68,72,5,66
S002,Female,13,92,69,82,9,85
S003,Male,15,97,81,52,9,84
S004,Male,5,94,56,67,5,62
S005,Male,13,76,90,74,9,85
S006,Female,7,99,82,91,9,83
S007,Male,11,70,89,80,9,82
S008,Male,10,70,88,52,7,71
S009,Male,15,94,67,89,8,88
S010,Female,12,96,89,95,6,89
S011,Male,11,99,50,73,7,74
S012,Male,8,94,60,99,9,80
S013,Male,5,89,77,81,5,70
S014,Male,8,82,74,96,9,80
S015,Female,11,78,72,71,8,76
S016,Male,13,72,80,72,9,81
S017,Female,12,76,79,51,5,71
S018,Female,15,75,84,76,8,86
S019,Female,15,77,56,91,9,84
S020,Male,15,96,65,51,8,79
S021,Female,12,78,75,75,6,77
S022,Male,4,99,51,66,6,61
S023,Female,12,74,50,89,9,77
S024,Female,10,70,61,82,8,73
S025,Female,12,88,54,58,5,69
S026,Female,11,79,86,92,9,86
S027,Female,4,81,81,97,6,73
S028,Female,15,93,58,88,6,84
S029,Female,11,84,90,78,9,84
S030,Female,11,96,84,91,8,87
S031,Male,14,91,68,75,6,81
S032,Male,6,93,65,84,8,73
S033,Female,4,78,52,99,6,65
S034,Female,11,89,69,74,6,76
S035,Female,6,86,73,73,7,70
S036,Male,6,99,82,62,6,71
S037,Female,4,86,73,56,5,60
S038,Male,14,95,60,85,9,85
S039,Male,8,89,57,94,9,77
S040,Male,13,81,85,69,8,82
S041,Male,10,99,87,50,6,75
S042,Male,13,76,89,57,5,76
S043,Female,12,71,69,95,8,81
S044,Female,15,72,84,65,7,81
S045,Female,10,86,74,63,8,74
S046,Female,12,74,84,61,8,77
S047,Female,11,86,74,100,6,83
S048,Male,15,93,78,72,7,86
S049,Female,5,86,67,64,8,65
S050,Female,4,96,67,77,5,66
S051,Male,10,86,51,83,5,71
S052,Female,10,71,84,51,9,72
S053,Male,11,71,65,81,7,74
S054,Female,8,97,90,72,7,79
S055,Male,6,91,85,71,9,75
S056,Female,15,92,82,100,8,94
S057,Female,11,74,53,74,7,70
S058,Male,9,70,82,71,5,71
S059,Male,14,70,63,71,5,74
S060,Male,6,88,70,98,6,75
S061,Male,4,99,69,91,7,73
S062,Male,6,71,57,55,8,59
S063,Male,8,90,56,64,9,69
S064,Male,6,81,52,92,9,70
S065,Male,4,95,66,86,8,71
S066,Female,8,75,82,82,6,74
S067,Female,13,92,61,57,9,76
S068,Male,10,73,71,93,7,78
S069,Female,10,92,71,93,6,80
S070,Female,14,80,79,54,7,77
S071,Female,12,93,87,88,5,85
S072,Female,13,96,87,53,6,80
S073,Male,13,86,57,55,9,74
S074,Female,15,100,76,94,6,91
S075,Male,6,75,76,81,6,69
S076,Female,10,93,83,79,6,80
S077,Female,4,74,70,96,6,68
S078,Female,7,89,79,84,7,76
S079,Male,7,71,82,89,5,72
S080,Female,8,75,77,65,8,70
S081,Male,10,91,82,62,6,75
S082,Female,10,80,54,99,9,78
S083,Male,14,100,68,91,6,87
S084,Female,7,85,53,79,9,70
S085,Male,10,85,84,68,7,77
S086,Male,14,70,66,66,9,77
S087,Female,6,78,77,68,8,69
S088,Male,9,97,79,77,5,77
S089,Female,15,96,78,75,9,89
S090,Female,5,75,55,86,9,67
S091,Female,13,85,84,75,5,81
S092,Female,12,98,90,72,8,86
S093,Female,8,72,86,58,6,68
S094,Female,9,89,73,61,9,74
S095,Female,15,97,78,50,5,79
S096,Female,15,96,80,50,7,81
S097,Female,15,73,84,96,5,87
S098,Female,15,88,82,83,7,88
S099,Female,7,95,70,81,8,75
S100,Male,14,72,81,97,6,86
